{"cameraMode":{"drawMode":0,"name":"Shaded","section":"Shading Mode"},"sceneLighting":false,"audioPlay":false,"sceneViewState":{"showFog":true,"showMaterialUpdate":false,"showSkybox":false,"showFlares":true,"showImageEffects":true,"showParticleSystems":true},"in2DMode":false,"pivot":{"x":-23.010000228881837,"y":1.4299999475479127,"z":-32.97999954223633},"rotation":{"x":0.22048231959342957,"y":-0.1716037541627884,"z":0.03943810611963272,"w":0.9593669176101685},"size":2.8578836917877199,"orthographic":true}